Date,Insee_Confiance_Menages,Credit_Logement_Taux_Interet,Euribor_3M,OAT_10ans,Intentions_Achat_Logement,Taux_Chomage_BIT
2001-01-01,127,,4.7707273,4.94,-80,7.8
2001-02-01,125,,4.7558,4.93,-80,
2001-03-01,123,,4.7086364,4.84,-80,
2001-04-01,121,,4.682,5.0,-80,7.7
2001-05-01,117,,4.6366818,5.21,-78,
2001-06-01,115,,4.4535714,5.15,-82,
2001-07-01,115,,4.4671364,5.15,-82,7.7
2001-08-01,113,,4.3535217,4.95,-81,
2001-09-01,111,,3.98285,4.94,-82,
2001-10-01,111,,3.5998696,4.72,-80,7.8
2001-11-01,112,,3.3856818,4.57,-80,
2001-12-01,113,,3.3448889,4.87,-80,
2002-01-01,112,,3.3387727,4.93,-81,7.8
2002-02-01,112,,3.3571,4.99,-81,
2002-03-01,112,,3.3908,5.24,-80,
2002-04-01,110,,3.4069048,5.24,-81,7.9
2002-05-01,114,,3.4671364,5.26,-81,
2002-06-01,113,,3.464,5.11,-81,
2002-07-01,110,,3.41,4.96,-83,7.9
2002-08-01,110,,3.3519091,4.67,-81,
2002-09-01,108,,3.3101429,4.46,-80,
2002-10-01,109,,3.2612609,4.55,-80,7.9
2002-11-01,109,,3.1241429,4.53,-80,
2002-12-01,109,,2.94105,4.38,-80,
2003-01-01,106,4.8,2.8318182,4.22,-79,8.4
2003-02-01,103,4.85,2.68745,4.01,-80,
2003-03-01,99,4.71,2.5299524,4.1,-80,
2003-04-01,100,4.59,2.53335,4.22,-78,8.5
2003-05-01,102,4.48,2.4005238,3.89,-80,
2003-06-01,102,4.43,2.1518571,3.69,-79,
2003-07-01,101,4.24,2.1300435,4.01,-79,8.4
2003-08-01,101,4.16,2.1404286,4.16,-79,
2003-09-01,101,4.17,2.1473182,4.23,-79,
2003-10-01,100,4.21,2.1435652,4.28,-80,8.8
2003-11-01,100,4.24,2.15905,4.41,-80,
2003-12-01,100,4.24,2.1463333,4.34,-81,
2004-01-01,101,4.26,2.0894762,4.2,-81,9.0
2004-02-01,100,4.28,2.07055,4.14,-81,
2004-03-01,101,4.23,2.0288261,3.98,-82,
2004-04-01,103,4.21,2.04875,4.18,-82,8.8
2004-05-01,102,4.06,2.0858571,4.34,-82,
2004-06-01,101,4.06,2.1126818,4.39,-83,
2004-07-01,101,4.07,2.1160455,4.27,-82,8.8
2004-08-01,102,4.05,2.1142727,4.11,-82,
2004-09-01,104,4.08,2.1185909,4.09,-83,
2004-10-01,103,4.06,2.1473333,3.98,-82,8.9
2004-11-01,102,4.04,2.1703182,3.86,-83,
2004-12-01,101,3.91,2.1731739,3.64,-81,
2005-01-01,99,3.92,2.1454286,3.58,-82,8.6
2005-02-01,101,3.9,2.13835,3.6,-81,
2005-03-01,99,3.79,2.1371905,3.75,-81,
2005-04-01,99,3.77,2.1372381,3.54,-82,8.8
2005-05-01,97,3.76,2.1256364,3.38,-80,
2005-06-01,96,3.7,2.1110455,3.2,-81,
2005-07-01,96,3.65,2.1194286,3.27,-82,9.0
2005-08-01,95,3.6,2.1324783,3.3,-83,
2005-09-01,95,3.57,2.1391364,3.13,-83,
2005-10-01,94,3.51,2.196619,3.29,-85,9.1
2005-11-01,94,3.48,2.3608636,3.5,-83,
2005-12-01,97,3.51,2.4728571,3.38,-84,
2006-01-01,99,3.52,2.5116818,3.34,-81,9.2
2006-02-01,100,3.63,2.60035,3.51,-81,
2006-03-01,99,3.64,2.7226087,3.69,-81,
2006-04-01,98,3.65,2.7937778,3.95,-82,9.0
2006-05-01,97,3.69,2.889,4.0,-81,
2006-06-01,98,3.77,2.9856818,4.01,-82,
2006-07-01,100,3.82,3.1021905,4.03,-83,8.9
2006-08-01,100,3.89,3.2264783,3.9,-82,
2006-09-01,101,3.96,3.335381,3.77,-82,
2006-10-01,101,4.01,3.502,3.81,-83,8.4
2006-11-01,101,4.07,3.5971818,3.74,-85,
2006-12-01,100,4.12,3.6842105,3.81,-84,
2007-01-01,101,4.11,3.7518636,4.07,-83,8.5
2007-02-01,102,4.17,3.8182,4.1,-83,
2007-03-01,103,4.19,3.8909091,4.0,-83,
2007-04-01,104,4.2,3.9752632,4.21,-82,8.1
2007-05-01,110,4.23,4.0713636,4.34,-82,
2007-06-01,110,4.26,4.1477619,4.62,-78,
2007-07-01,109,4.37,4.2161818,4.58,-81,8.0
2007-08-01,105,4.51,4.5436087,4.39,-80,
2007-09-01,102,4.61,4.7417,4.36,-80,
2007-10-01,101,4.73,4.6873913,4.4,-81,7.5
2007-11-01,96,4.81,4.6385455,4.23,-82,
2007-12-01,96,4.85,4.8483684,4.35,-82,
2008-01-01,91,4.86,4.4815455,4.15,-82,7.2
2008-02-01,92,4.9,4.3620952,4.08,-83,
2008-03-01,91,4.89,4.5963684,4.02,-83,
2008-04-01,90,4.87,4.7835,4.27,-84,7.3
2008-05-01,87,4.86,4.857381,4.41,-85,
2008-06-01,84,4.88,4.9405238,4.73,-85,
2008-07-01,84,4.98,4.961,4.69,-84,7.4
2008-08-01,84,5.05,4.9651905,4.4,-85,
2008-09-01,86,5.18,5.0191818,4.36,-82,
2008-10-01,83,5.21,5.113087,4.18,-83,7.8
2008-11-01,85,5.27,4.2383,3.98,-83,
2008-12-01,84,5.34,3.292619,3.54,-83,
2009-01-01,86,5.2,2.4565238,3.6,-85,8.6
2009-02-01,85,4.97,1.94305,3.68,-84,
2009-03-01,85,4.78,1.6354545,3.65,-84,
2009-04-01,88,4.59,1.4223,3.66,-84,9.2
2009-05-01,88,4.4,1.2817,3.8,-85,
2009-06-01,91,4.3,1.2279091,3.9,-84,
2009-07-01,90,4.19,0.9749565,3.73,-84,9.2
2009-08-01,91,4.15,0.8604762,3.59,-84,
2009-09-01,92,4.13,0.7720909,3.59,-85,
2009-10-01,92,4.07,0.7375,3.56,-85,9.6
2009-11-01,95,3.99,0.7161905,3.56,-84,
2009-12-01,95,3.91,0.7120455,3.48,-86,
2010-01-01,96,3.89,0.67975,3.52,-84,9.3
2010-02-01,93,3.87,0.6617,3.5,-85,
2010-03-01,92,3.82,0.6449565,3.44,-84,
2010-04-01,90,3.74,0.6447,3.4,-85,9.3
2010-05-01,89,3.7,0.6865238,3.08,-85,
2010-06-01,88,3.66,0.7275909,3.07,-85,
2010-07-01,88,3.62,0.8488182,2.99,-85,9.2
2010-08-01,91,3.55,0.8955,2.68,-86,
2010-09-01,92,3.53,0.8805,2.68,-86,
2010-10-01,93,3.46,0.9976667,2.72,-85,9.2
2010-11-01,95,3.44,1.0420455,3.0,-84,
2010-12-01,92,3.42,1.0216957,3.34,-84,
2011-01-01,90,3.46,1.0172381,3.44,-87,9.1
2011-02-01,91,3.54,1.08675,3.6,-84,
2011-03-01,88,3.64,1.1755217,3.61,-86,
2011-04-01,87,3.7,1.3212105,3.69,-87,9.1
2011-05-01,88,3.8,1.4250909,3.49,-84,
2011-06-01,88,3.86,1.4885909,3.43,-86,
2011-07-01,91,3.89,1.597619,3.4,-85,9.2
2011-08-01,87,3.95,1.552087,2.98,-85,
2011-09-01,85,3.93,1.5364545,2.64,-85,
2011-10-01,88,3.93,1.5758571,2.99,-83,9.4
2011-11-01,85,3.95,1.4846818,3.41,-83,
2011-12-01,83,3.94,1.4260952,3.16,-83,
2012-01-01,85,3.98,1.2222273,3.18,-84,9.4
2012-02-01,86,4.02,1.0482857,3.02,-84,
2012-03-01,90,4.03,0.8584545,2.95,-83,
2012-04-01,91,3.95,0.7443158,2.99,-82,9.7
2012-05-01,94,3.91,0.6849091,2.75,-81,
2012-06-01,93,3.83,0.6588571,2.57,-84,
2012-07-01,90,3.74,0.4970455,2.28,-85,9.8
2012-08-01,87,3.67,0.3323913,2.12,-90,
2012-09-01,85,3.63,0.2463,2.24,-86,
2012-10-01,85,3.54,0.207913,2.19,-90,10.2
2012-11-01,85,3.46,0.192,2.14,-88,
2012-12-01,87,3.4,0.1854737,2.01,-87,
2013-01-01,85,3.33,0.2049091,2.17,-86,10.3
2013-02-01,86,3.32,0.22335,2.24,-86,
2013-03-01,83,3.27,0.20605,2.07,-86,
2013-04-01,84,3.23,0.2089048,1.8,-86,10.4
2013-05-01,81,3.19,0.2012273,1.87,-88,
2013-06-01,80,3.12,0.21025,2.21,-89,
2013-07-01,84,3.09,0.2214348,2.25,-85,10.3
2013-08-01,86,3.08,0.2258636,2.36,-86,
2013-09-01,87,3.11,0.2232381,2.49,-87,
2013-10-01,88,3.1,0.2258261,2.39,-87,10.1
2013-11-01,86,3.17,0.223381,2.27,-89,
2013-12-01,86,3.17,0.2735,2.33,-89,
2014-01-01,88,3.2,0.2920455,2.38,-86,10.1
2014-02-01,86,3.19,0.2881,2.25,-87,
2014-03-01,89,3.17,0.3053333,2.15,-88,
2014-04-01,86,3.14,0.32975,2.03,-89,10.2
2014-05-01,87,3.08,0.3245714,1.84,-89,
2014-06-01,87,3.02,0.2414286,1.71,-88,
2014-07-01,88,2.94,0.2050435,1.56,-86,10.3
2014-08-01,88,2.87,0.1915714,1.41,-89,
2014-09-01,87,2.82,0.0970909,1.35,-88,
2014-10-01,87,2.74,0.0826087,1.26,-90,10.5
2014-11-01,89,2.67,0.0809,1.14,-89,
2014-12-01,91,2.6,0.0809048,0.92,-89,
2015-01-01,91,2.55,0.0626667,0.67,-89,10.3
2015-02-01,94,2.51,0.0482,0.6,-87,
2015-03-01,96,2.42,0.0271818,0.51,-87,
2015-04-01,96,2.31,0.0047,0.44,-86,10.5
2015-05-01,95,2.25,-0.0103684,0.89,-85,
2015-06-01,95,2.17,-0.0139091,1.2,-85,
2015-07-01,95,2.15,-0.0187391,1.11,-85,10.4
2015-08-01,96,2.18,-0.0276667,1.01,-84,
2015-09-01,99,2.21,-0.0370455,1.0,-84,
2015-10-01,98,2.25,-0.0535909,0.87,-84,10.2
2015-11-01,98,2.35,-0.087619,0.88,-85,
2015-12-01,98,2.32,-0.1263182,0.93,-85,
2016-01-01,99,2.31,-0.14615,0.84,-85,10.2
2016-02-01,97,2.26,-0.1835714,0.59,-86,
2016-03-01,96,2.18,-0.2285238,0.51,-87,
2016-04-01,96,2.09,-0.2491905,0.51,-86,10.0
2016-05-01,100,1.97,-0.2571818,0.51,-85,
2016-06-01,98,1.85,-0.2679091,0.39,-89,
2016-07-01,97,1.77,-0.2945238,0.17,-85,9.9
2016-08-01,98,1.72,-0.2982174,0.15,-84,
2016-09-01,99,1.68,-0.3016364,0.18,-85,
2016-10-01,100,1.6,-0.309,0.33,-84,10.0
2016-11-01,101,1.56,-0.3126818,0.67,-83,
2016-12-01,102,1.5,-0.3157619,0.75,-82,
2017-01-01,102,1.5,-0.3255455,0.86,-81,9.6
2017-02-01,103,1.54,-0.3286,1.03,-83,
2017-03-01,103,1.54,-0.3293478,1.02,-85,
2017-04-01,102,1.57,-0.3303889,0.88,-83,9.5
2017-05-01,103,1.59,-0.3294545,0.81,-83,
2017-06-01,109,1.61,-0.33,0.66,-83,
2017-07-01,105,1.62,-0.3304286,0.84,-84,9.5
2017-08-01,104,1.65,-0.329087,0.71,-85,
2017-09-01,103,1.65,-0.329381,0.7,-85,
2017-10-01,101,1.66,-0.3295455,0.81,-83,9.0
2017-11-01,104,1.64,-0.329,0.72,-84,
2017-12-01,107,1.6,-0.3278947,0.67,-83,
2018-01-01,106,1.61,-0.3284545,0.85,-83,9.3
2018-02-01,102,1.61,-0.3285,0.98,-84,
2018-03-01,102,1.58,-0.3279048,0.83,-84,
2018-04-01,103,1.57,-0.32845,0.78,-83,9.1
2018-05-01,100,1.57,-0.3252273,0.79,-85,
2018-06-01,98,1.55,-0.3220476,0.75,-84,
2018-07-01,98,1.54,-0.3207273,0.67,-84,8.9
2018-08-01,98,1.53,-0.319,0.7,-84,
2018-09-01,95,1.51,-0.31885,0.77,-82,
2018-10-01,96,1.51,-0.3176957,0.82,-82,8.8
2018-11-01,93,1.5,-0.3163636,0.76,-83,
2018-12-01,89,1.48,-0.3118947,0.7,-84,
2019-01-01,95,1.5,-0.308,0.65,-84,8.7
2019-02-01,97,1.51,-0.30845,0.55,-83,
2019-03-01,98,1.5,-0.3091905,0.44,-82,
2019-04-01,99,1.49,-0.31045,0.37,-82,8.4
2019-05-01,101,1.44,-0.3118636,0.3,-81,
2019-06-01,102,1.39,-0.3289,0.08,-84,
2019-07-01,103,1.34,-0.3648696,-0.07,-79,8.3
2019-08-01,104,1.31,-0.4076818,-0.34,-79,
2019-09-01,105,1.27,-0.4175714,-0.27,-79,
2019-10-01,105,1.23,-0.4128696,-0.16,-79,8.2
2019-11-01,107,1.2,-0.4012857,-0.02,-78,
2019-12-01,103,1.17,-0.3947,0.04,-80,
2020-01-01,105,1.17,-0.3911364,-0.01,-81,7.9
2020-02-01,105,1.19,-0.40885,-0.18,-80,
2020-03-01,103,1.19,-0.4166364,-0.05,-81,
2020-04-01,92,1.36,-0.25405,0.06,-82,7.1
2020-05-01,89,1.26,-0.27195,-0.03,-81,
2020-06-01,95,1.26,-0.376,-0.04,-80,
2020-07-01,94,1.29,-0.4441304,-0.15,-79,9.0
2020-08-01,94,1.31,-0.4797143,-0.17,-81,
2020-09-01,96,1.3,-0.4913636,-0.21,-81,
2020-10-01,94,1.28,-0.5091364,-0.3,-82,8.1
2020-11-01,89,1.27,-0.5208571,-0.32,-83,
2020-12-01,96,1.24,-0.5380909,-0.34,-80,
2021-01-01,93,1.24,-0.54715,-0.31,-79,8.2
2021-02-01,92,1.21,-0.5411,-0.15,-81,
2021-03-01,96,1.18,-0.539087,-0.07,-79,
2021-04-01,97,1.15,-0.53815,-0.01,-80,7.9
2021-05-01,99,1.14,-0.5400952,0.21,-80,
2021-06-01,105,1.12,-0.5429091,0.15,-81,
2021-07-01,103,1.12,-0.5448182,-0.01,-80,7.9
2021-08-01,100,1.12,-0.5475909,-0.12,-79,
2021-09-01,103,1.13,-0.5450455,0.04,-77,
2021-10-01,100,1.13,-0.5498095,0.2,-80,7.4
2021-11-01,99,1.12,-0.5673636,0.1,-82,
2021-12-01,100,1.1,-0.5819565,0.05,-79,
2022-01-01,98,1.12,-0.5601429,0.31,-76,7.4
2022-02-01,97,1.13,-0.5315,0.68,-78,
2022-03-01,89,1.14,-0.4954348,0.78,-81,
2022-04-01,88,1.19,-0.4478947,1.28,-79,7.4
2022-05-01,86,1.26,-0.3857273,1.52,-80,
2022-06-01,83,1.35,-0.2392273,2.06,-79,
2022-07-01,81,1.45,0.036619,1.71,-82,7.2
2022-08-01,84,1.58,0.3947391,1.69,-83,
2022-09-01,81,1.68,1.0108636,2.41,-84,
2022-10-01,83,1.77,1.4276667,2.77,-83,7.2
2022-11-01,84,1.91,1.8252273,2.58,-84,
2022-12-01,83,2.05,2.0634762,2.62,-85,
2023-01-01,82,2.2,2.3448636,2.69,-85,7.1
2023-02-01,82,2.35,2.64035,2.87,-84,
2023-03-01,81,2.54,2.9105652,2.92,-84,
2023-04-01,84,2.71,3.1794444,2.9,-83,7.2
2023-05-01,84,2.88,3.3717273,2.94,-84,
2023-06-01,87,3.04,3.5358636,2.93,-83,
2023-07-01,87,3.16,3.6718095,3.04,-86,7.4
2023-08-01,86,3.31,3.7803043,3.11,-86,
2023-09-01,85,3.36,3.8800476,3.24,-85,
2023-10-01,85,3.43,3.9676364,3.45,-86,7.6
2023-11-01,89,3.52,3.9716364,3.19,-86,
2023-12-01,89,3.6,3.9348947,2.65,-86,
2024-01-01,91,3.59,3.9252727,2.74,-85,7.5
2024-02-01,89,3.51,3.9231905,2.85,-86,
2024-03-01,91,3.5,3.9231,2.82,-85,
2024-04-01,90,3.49,3.8853333,2.97,-85,7.3
2024-05-01,91,3.48,3.8126818,3.03,-84,
2024-06-01,91,3.43,3.7245,3.15,-86,
2024-07-01,92,3.4,3.6848261,3.14,-81,7.4
2024-08-01,93,3.37,3.5475909,2.94,-82,
2024-09-01,96,3.33,3.4337143,2.9,-83,
2024-10-01,93,3.27,3.1666087,2.99,-82,7.3
2024-11-01,90,3.17,3.0067619,3.09,-81,
2024-12-01,88,3.14,2.8246,3.01,-82,
2025-01-01,91,3.11,2.7042727,3.32,-83,7.4
2025-02-01,93,3.01,2.52495,3.15,-84,
2025-03-01,91,3.05,2.4424286,3.43,-84,
2025-04-01,92,3.03,2.2494,3.26,-85,7.6
2025-05-01,89,3.02,2.0872381,3.26,-87,
2025-06-01,89,3.01,1.983619,3.24,-85,
2025-07-01,89,3.01,1.9863478,3.36,-84,7.7
2025-08-01,88,3.01,2.0210952,3.42,-82,
2025-09-01,88,2.99,2.0272727,3.51,-81,
2025-10-01,90,2.99,2.0344348,3.44,-83,7.9
2025-11-01,89,3.0,2.04165,3.44,-86,
2025-12-01,90,2.99,2.0484286,3.56,-82,
2026-01-01,89,3.05,2.0277273,3.53,-80,8.1
2026-02-01,91,3.1,2.0113,3.4,-81,
2026-03-01,89,3.1,2.1094091,3.64,-83,
2026-04-01,84,3.11,2.1753,3.73,-85,
2026-05-01,82,3.1,2.2261,3.74,-81,
2026-06-01,84,,2.339,3.68,-82,
